speaker_id,language,gender,country,mother_tongue,dialect,os,device,n_words,age_band,native_speaker,proficiency,id,corpus_index,reference,prediction,WER,WER_sub,WER_del,WER_ins,WER_hits,CER,CER_sub,CER_del,CER_ins,CER_hits
CEB_012,Cebuano,male,Philippines,Tagalog / Filipino,Philippines - Manila (Tagalog),Linux,Mobile,146,45-59,True,native,001_001,7,"Unsa imong paboritong nga app? Ang ako gyung paborito nga app no kay Twitter, Discord o kaning Facebook. Di man jud namawala ang Facebook pero usahay toxic lang ka-- toxic lang kaayo ang naa sa Facebook. Pero ganahan ko Discord kay naa man didto ang mga projects nga akong gipang-apilan kaning mga online sama sa ani nga airdrops, mga ingon ana. Ug diri sa Telegram kay naa man diri ako mga kauban sa nag kuan ani ubang project. So, samot nang Twitter, ganahan kaay ko sa Twitter kay dali ra siya ba. Unya daghan kaay didtong mga tweets nga akong ganahan. Niyá open kaayo siya sa tanan. Open siya sa mga bashers, mga unsa pa dinha naa syay ug fake news gani ang imohang makuanan, naay mga, naay mga community nga motudlo nimo nga fake news na siya ug i-i-korek ka sa komunidad. Ingon ana ba."," Onsa imong paborito nga up? Ang akong yung paborito nga up, no, kay Twitter, Discord, o kaning Facebook, di manjo na mawala ang Facebook, pero usahay, tug-sik lang ka-tug-sik lang kaayo ang nga sa Facebook, pero ganahan ko, Discord, ganahan ko nga ama dito ang mga projects nga akong ipang apilan ka ni mga online sa mga saan ni mga airdrops, mga ingunana, ug diri sa telegram kay nga aman diri ako mga kauban sa nag-koan ani ko bang project. So, samot ng Twitter ganahan kay ko sa Twitter kay, dali eras siya ba? Unya, daghan kay dito mga tweets nga kung ganahan niya. Open kay siya sa tanan. Open siya sa mga bashers, mga onsad pa din ha. Nga asay ug fake news gan niyang imuhang makuanan, na ay mga, na ay mga community nga mo todlo ni mga fake news na siya og i-ir-ir-i-kore ka sa komunidad. Ingunan na ba?",0.5616438356164384,72,2,8,72,0.15802781289506954,48,29,48,714
CEB_012,Cebuano,male,Philippines,Tagalog / Filipino,Philippines - Manila (Tagalog),Linux,Mobile,113,45-59,True,native,001_002,8,"Unsa ang imong paborito nga bulak? Daghan kay ko'g paborito nga bulak, pero ang rose usa na na siya. Unya unsa gani toy? Chrysanthemum man siguro na pero gan-- ambot ganahan kay ko'g chrysanthemum nga yellow kay ako gibutang sa altar. Pero ang rose, nindot man gud kaayong rose kay basta nindot kaayo siya tan-awon sambot naglain-lain og kolor. Mga orchids ingon ana, nindot kaayo na sila. Ganahan kay ko ana nila. Unya ang mga orchids, mga dahlia, mga cosmos, basta daghan. nya karon ay nindot kaayo ning sakura pero ang sakura tua raman sa Japan wala man kaayo ni diri. Cherry blossoms mao raman siguro nag sakura? Ganahan kay ikog ana nila."," Unsa ang imong paborito nga bulak, daghan kay kog paborito nga bulak, pero ang rose usanan siya, nga usagan ito i kresantimo man siguro na, pero ang bot ganahan kay kog kresantimo nga iyalo kay akog ibutangan sa altar, pero ang rose nindot mangod kay ang rose kay. Basta nindot kay siya tanawon sa bot naglainlaino golor, mga orchids, singunana, nindot kay nga sila, ganahan kay ko ana nila. Unya ang mga orchids, mga dalga, mga kusmos, basta daghan ya karo na inindot kayo nying sakura, pero ang sakura to araman sa Japan, wala man kayo nidiri. Cherry Blossom us maura man siguro nagsakura, ganahan kay ko ana nila.",0.584070796460177,62,4,0,47,0.16018662519440124,40,45,18,558
CEB_012,Cebuano,male,Philippines,Tagalog / Filipino,Philippines - Manila (Tagalog),Linux,Mobile,263,45-59,True,native,001_003,9,"Kanus-a nimo labhan ang imong bayo? Ang pasabot siguro ani nga bayo kay murag deeper man ni siya nga Bisaya or Cebuano version. Dili man ni siya sa amoang nga pagka-Cebuana diri sa Cebu. So, kani siya, ang akong bayo or ang akong mga sinina, labhan naku siguro kaduha sa usa ka semana. Pero karon sa, nga busy kaayo ko, ako na ning ipa-laundry. Unya kay karon gidaghan man ni kaayo, mga pila siguro ni siya ka load sa laundry kon ako ni siya ipalabhan didto sa gawas. Unya kay magpalaba man ko karon, ang ako siguro mabayran ani mga sa tulo ka load naa na siya sa mga 600 kapin. Unya mopalit lang ko og Downy sa gawas, tag diyes ang usa, unya kinahanglan kon tulo ga ni kay maggamit man ko og Downy ana upat kada load. So, upat kada load, unya tulo ka, tulo ka, tulo ka hulganan, tulo ka load, tag upat kada, kada load, so naay 12 ang akong palitunon ani nga Downy. Unya ang sabon nga gamiton ani nga liquid soap kay Kuan, tag, tag duha kada lunod. Unya mopalit pagyud ko og kanang, unsa gitawag ani, bleach ba, kanang zonrox ani nga dekulor. Bahinon lang naku katong tag baynte. Bahinon sa tulo ka load. Unya inig kahuman sa tulo ka load, mga duha ka oras mahuman na ang labha, unya ako pa ni siyang ipapiko daan didto. Unya tulo ka load, tulo sa ana siya kapiko. Unya tag 40 man kada load sa piko, so naay mga 120 kada, kada piko. Unya maora to siya, bye."," Kanusan imu labahan ang imong bayo? Ang pasabot siguro aninga bayo kay mula deeper manis siya nga bisaya o sibuana version, dili manis siya sa amuanga. Pagka sibuana dili sa sibuso. Kanis siya ang akong bayo o nga akong mga sinina labahan ako siguro kaduha sa usaka simana. Pero karun sa nga bisay kaayo ko, ako raning ipalondre. O niya kay karun ilaghan manay kaayo, Mga pila siguro nyo siya kalod sa londre. Iko ako nyo sa palabali dito sa gawas. Oniya kay magpalabam ako karon, nang ako siguro mabairan ani, mga, sa tulok alod na anas siya mga 600 kapin. Oniya, mupalit lang ko ugdaw ni sa gawas. Tag cheese ang osan. Niya kinalan ko tulog ani, kay magbagamit man ko ug daw ni ana upat ka dalod. So upat ka dalod niya tulokahulganan, tulokalod. Tag upat ka dalod, so na ay dosiya kong palitonon ni ane nga daw ni. Onya ang sabon nga gamiton ane nga liquid soap kay kuwan. Tag duha ka dalod, ka dalunod ane nga bupalit pag yod ko og kanang sa'y tawag anon nga gamiton ani nga liquid soap kay koan. Tag-dag duha ka dalod, ka dalunod, ani abo palit pag-yod ko og. Kanang sa'y tawag ani bleach bakan nang sunrocks sa ani nga di kolor. Bahinon lang nako katong tag-bainty. Bahinon sa tulok alod. Uniya ani kahuman sa tulok alod. Mga duha ka oras, mahuman ang labba. O niya ako pa niya siyagi pa pico. Daan dito niya tulok alod, tulusan na siyaka pico. Nya tagwarintaman ka dalod sa pico. Sud na ay mga sintubainte ka da pico. Onyay maura to siya. Bye.",0.7756653992395437,165,16,23,82,0.3301400147383935,186,85,177,1086
CEB_012,Cebuano,male,Philippines,Tagalog / Filipino,Philippines - Manila (Tagalog),Linux,Mobile,127,45-59,True,native,001_004,10,"Unsa oras ka kasagaran mubangon? Kasagaran ko mubangon kana sigurong alas sais na. Alas sais na ko kasagaran mubangon. Pero sa una katong mag-jogging jogging pa ko katong mag-measure pa ko sa silencio mubangon ko mga alas singko kay mag-jogging pa man ko ana, mag-walking ko bisan asa kay mag-mag-mangita ko og kanang mga hex bitaw kay mag-measure ko sa mga hex, mag-measure kog mga noise. diay dili hex, mga noise. Niya, diri sa Selencio. Niya, karon nga wala na to siya, voice AI na lang, gitapol na sad ko og laag-laag. Tapol na ko og lakaw-lakaw so mag-record na lang ko diri pareha ani karon. Mag-record na lang ko. Sa sayo gihapon ko mumatag kay mag-record man ko sayo sa buntag pero dili na ko maglakaw-lakaw."," Onsa oras ka kasagaran mo bangon. Kasagaran ko mo bangon ka nansigurong alasais na, alasais na ko kasagaran mo bangon, pero sa un na katong mag-jaging jaging pa ko, katong mag-missure pa ko sa selenusyo, mo bangon ko mga alasing ko kay mag-jaging pamanko ana, mag-woking ko besan asa kay mag-mangita ko og ka na mga hex bitaw kay mag-missure ko sa mga hex, mag-missure ko mga noise. Di ay dili, hex mga noise niya. Diri sa selinosyon niya. Karon nga wala na to siya, voice AI nalang, di tapol na sad ko gla-agla-agli sa tapol na ko gla-kaw lakaw. So mag-record nalang ko dili, parihaan ni karon. Mag-record nalang ko mo sa, sayo gihapon ko mo mata kay mag-record man ko sayo sa buntag. Pero dili nako maglakaw lakaw.",0.5669291338582677,61,4,7,62,0.15782122905027932,49,32,32,635
CEB_012,Cebuano,male,Philippines,Tagalog / Filipino,Philippines - Manila (Tagalog),Linux,Mobile,161,45-59,True,native,001_005,11,"Pilan na ka katuig sa trabaho? Taud-taud na kong nagtrabaho ug dugay na kaayo ko nga nasigig trabaho og mga napulo na ka tuig kong naadtoan sa trabaho. Bisan unsa na lang nga klase sa trabaho ang akong gisudlan. Ngano maning mga ingon ani mani? Tungod kay lisod kaayo ang among kahimtang, so kinahanglan gyud nga magtrabaho aron makakuha og kwarta. Kay kon walay kwarta, unsay may among ipalit og bugas? Og usa imo'y palit og bugas, kon wala may bugas, unsa may among kaonon? So kinahanglan gyud nga manarbaho mi para na ka may sweldo. Unya wala ko kasabot ani. Kinahanglan na may sweldo unya, muna may sweldo makapalit mog bugas og sud-an, ug muna may bugas og sud-an makakaon mi. Siyempre, nganong ingon ani mani? Kalain sa ako ang koan. Pero mao rato, ani na lang pud tug. Nganong, nganong moana man siya nga dili ko niya madungog? Nga unsa diay ni? Sige, sige. Undangon sa nako ni bi."," Pilan naka katuig sa trabaho. Taod-taod na kung nagtrabaho, ug dugay nakaayo ko nga saksigig trabaho, ug mga napulo naka tuig ko nga aduan sa trabaho, bisan unsan langa klasi sa trabaho, ug ako ang gisud langa nga nomaning mga ingon-ane mani. Tongod kay lisud kaayo ang amukahimtang, so kinahaland yun nga man trabaho, aron maka kuha og kwarta. Kay konwulay kwarta, usamay amugi palit ug bugas, ug usay amugi palit ug bug kula'a may bugas, unsamay among kaunon. So kinahalan dun nga manarbako, hindi para na ka miswildo un'ya, hula' ko ka sabot ani. Kinahalan na miswildo un'ya, muna'a miswildo makapalit magbugas ug sudan, ug muna'a may bugas ug sudan, makakaun, misyemple, nga nong ingun ani, mani ka lain sa koan koan. Pero maula'to, anong nalang kutong, nga nang nga naman naman siya nga, dili ko niya madungog, ngaun sa deini, sigi-sige, umdangun sa nalakon nabih.",0.7329192546583851,98,17,3,46,0.2195945945945946,84,65,46,739
CEB_012,Cebuano,male,Philippines,Tagalog / Filipino,Philippines - Manila (Tagalog),Linux,Mobile,94,45-59,True,native,001_006,12,"Kanunay ka ba mag-video call? Dili baya. Ang importante nga akong makaistorya maong akong mga pamilya, mga suod nga higala mag-video call ko ana nila, pero dili kaayo ko kasagaran nga ganahan mag-video call kay hasulan ko. Okay ra gid nako kanang audio call, pero video call, samot nag kanang wala koy hilam-os, ungas kaayo kong paminaw nako, ungas kay akong itsura, so dili ko mag-video call kay maulaw man ko. Bati, bati kaayo para nako ba bati kaayo ako itsura, pero dili ra baya siguro. Pero maulaw lang gyud ko mag video call."," Kanunay ka ba mag-video call? Dilik ba ya ang importante nga akong maka-history ak mo nga ko mga pamilya, mga suod niya higala, mag-video call ko anak nila, pero dilik ka ko kasagalan nga nahan mag-video call kay ahsulan ko. Ok rag din nako kan nang audio call pero video call. Samut nga kan nang ula ko hila mo us. Ungas ka ekong paminaw nako. Ungas ka ekong itsyura. So dilik ko mag-video call kay maulao man ko. Batik kay para na ko ba. Batik kay wa ko itshura dili arabiya siguro. Pero maulao lang din ko mag-video call.",0.648936170212766,52,2,7,40,0.1807909604519774,33,35,28,463
CEB_012,Cebuano,male,Philippines,Tagalog / Filipino,Philippines - Manila (Tagalog),Linux,Mobile,105,45-59,True,native,001_007,13,"Asa ang imong napanglakwan na? Daghan baya kong napanglakwan, samot na tong ga sige ko og measure sa noise sa silencio, daghan kay ko'g maabtan nga kanang wala pa nako naabtan sa una, nalakwan sa una. So, gasugod kog measure adto, daghan kay kong nasudlan nga mga lugar nga wala jus nako naagi pero kinahanglan akong agian kay kinahanglan man ko mag-measure didto dapita. Bisan asa ko maabot, daghan kong nalakwan. Unya, bisan asa, bisan dili sa Cebu, katong moadto kog bisan asa laing nga isla, mong maglakaw-lakaw gihapon ko didto kay mag-measure man ko. Basta naa lay signal gyud ay mag-measure ko, maglakaw-lakaw ko."," Asa ang imong napang lakwana. Daghan may akong napang lakwan. Samot natong gagasegay kong measure sa noise at silensyo. Daghan kay kong maabdan. Nga kanang wala pan ako naabdan sa unan. Na lakwan sa una. Soka sokod kong measure adto. Daghan kay kong nasublan nga mga lugar nga wala. Jo nako na agay pero kinahanglan. Akong agiyan kay kinahalan mako mag-me-sure dito na pita. Bisan asa ko maabot. Daghan kong nalakwan.ya, bisan asa, bisan lili isa sibu, katung mo adtukog bisan asa lahin nga isla, mo maglakaw-lakaw gihap mong ko dito kay mag-mensure man ko, basta na alay signal yun ay mag-mensure ko, maglakaw-lakaw ko.",0.6190476190476191,59,3,3,43,0.14838709677419354,44,24,24,552
CEB_010,Cebuano,male,Philippines,Tagalog / Filipino,Philippines - Manila (Tagalog),Linux,Mobile,268,35-44,True,native,004_002,32,"Sa gabii, kasagaran mosugod ko sa paghinay-hinay og pahulay human sa usa ka taas ug kapoy nga adlaw. Una, manglimpyo ko gamay sa akong palibot, maghan-ay sa higdaanan, og maghipos sa mga gamit, og mag-andam sa mga butang nga gamiton nako ogma aron dili na magdali sa buntag. Human ana, mag inum ko og tubig o init nga tsaa aron ma-relax ang akong lawas. Usahay magluto ko og simplo-- simple nga panihapon o mokuha na lang og makaon nga sayon ihanda, sama sa noodles, itlog, o ginagmay nga ulam nga dili na kinahanglan daghang oras sa kusina. Pagkahuman sa panihapon, magpahuhay ko pinaagi sa pagtan-aw og sadida sa selpon o telebisyon. Ganahan ko og mga sadida nga makapahupay sa hunahuna, sama sa komedi, aron mawala ang stress sa tibuok adlaw. Usahay sab, mapaminaw ko og musika samtang nagtan-aw sa gawas sa bintana og naglingkod lang sa higdaanan. Naghunahuna sa mga butang nga nahitabo sa adlaw kong aduna'y mensahe gikan sa mga higala o pamilya. Mag-reply ko og magkimustahay gamay aron mapabilin ang among koneksyon bisan busy ang matag usa. Sa ubang gabii, magbasa ko og libro o artikulo online, labi na kung gusto nako makakat-on og bag-ong butang o magpalapad sa akong kahibalo. Nalingaw ko sa pagbasa sa mga istorya nga makahatag og inspirasyon o mga tips nga magamit sa adlaw-adlaw nga kinabuhi. Kon aduna'y personal nga goal sa plano, magsulat ko og gamay sa notebook, mga ideya, mga buhaton og ugma, o mga butang nga akong gipasalamat karong adlawa. Nakatabang kini aron mas klaro ang akong hunahuna og mas malinaw ang akong pagbati sa dili pa matulog."," Sa gabiii, kasagaran mong sugod ko sa paginahinay og pahulay human sa usaka taas og kapoy ng adlaw. O na manglimpiyo ko gamay sa kumpalibot, magahan ay sa higdaanan og maghipo sa mga gamit og magandam sa mga butang na gamito na ko ug maarong dili na magdali sa buntag. Human ana, maginom ko ug dobig ko init nga chaa aron nga relax ang akong lawas. Usahay magluto ko ug simple nga panihapon o mukua nalang ug makaon nga ay sayon ihanda sa masanudils, itlog ug ginagmay nga olam nga dili na kinahang nandaggang ora sa kusina. Pag kahuman sa panihapon, magpahaway ko pinahagi sa pagtanaw sa dida sa silpon o silibisyon. Ginahan ko ug mga salida nga makapa-hopay sa una-una sa masakumidi, aron mawal ang stress sa tibuhok adlaw. Osahay sa mga paminaw ko ug musika sa mtang nagtanaw sa agawas sa bintana ug nalingkod lang sa gdanan. Nagunahuna sa mga butang nga anahitabo sa adlaw ko adunay minsahegikan sa mga higala o pamilya. Mag-replay ko ug magkimustahay gamay aron magpabilin ang amang koneksyon saan bisi ang matag-usa. Sa ubang gabii, magbasa ko uliburo o artikolo online, labi na kung gusto na koakat-on og bag-ung butang o magpalapad sa akong kahebalo. Dalingaw ko sa pagbasa sa mga historia nga makahata, kog inspirasyon o mga tapes nga maggamit sa adaw-dlaw nga kinabuhi. Kuangodun ay personal nga goal sa plano. Magsulat ko og gamay sa notebook, mga ideya, mga buhato nga ugma o mga butang nga akong gi pasalamat karong adlawa. Takatabang kini aron mas klaro ang akong hunahuna ug mas malinaw ang akong pagbate sa dili pamatulog.",0.44776119402985076,101,10,9,157,0.11174968071519796,67,68,40,1431
CEB_010,Cebuano,male,Philippines,Tagalog / Filipino,Philippines - Manila (Tagalog),Linux,Mobile,303,35-44,True,native,004_003,33,"Ang akong paboritong holiday gawas sa Pasko mao ang Holy Week, labi na mga adlaw sa Huwebes Santo ug Biyernes Santo. Espesyal kaayo ni para nako kay dili lang kini bakasyon gikan sa trabaho o eskwela, kondili usa usab ka panahon sa pagpamalandong, paghinay sa dagan sa kinabuhi, o paghatag og oras para sa kaugalingon ug sa pamilya. Sa Holy Week, mas malinaw ang palibot, mas gamay ang kasaba, ug mas kadaghan og panahon para maghunahuna sa mga butang nga importante sa kinabuhi. Dili sama sa ubang holiday nga puro kasadya ug handa, ang Holy Week nagtudlo kanako sa kahinungdanon sa pagpahuway sa hunahuna ug kasingkasing, ug sa paghinumdom sa mga sakripisyo nga gihimo alang sa kaluwasan sa katawhan. Ganahan ko sa Holy Week tungod kay kini usa ka higayon nga makabalik ko sa simple nga kinabuhi. Sa among balay, kasagaran wala kaayo'y daghang laka ug handa kondili simple ra nga pagkaon ug hilom nga palibot. Maminaw mi og misa, motan-aw og religuos nga salida, o magbasa og Bibliya. Kini nga mga buhat makatabang kanako nga mas makasabot sa espiritwal nga aspeto sa kinabuhi ug mas makapamalandong sa akong mga sayop, mga kalampusan, ug mga plano sa umaabot. Ang kahilom sa Holy Week murag usa ka pahulay alang sa hunahuna nga permi napuno sa problema, trabaho, ug responsibilidad sa adlaw-adlaw. Usapa ka holiday nga paborito nako mao ang All Saints Day ug All Days Soul. Bisan og medyo malungkot ang tema, importante kaayo kini nga mga adlaw para nako tungod kay naghatag kini og higayon nga mahinumduman ang mga minahal nga namatay na. Sa mga adlawa sama niini, muadto mi sa sementeryo, maghinlo sa lubongan, magdala og bulak ug kandila, ug mag-ampo para sa kalag sa among mga paryente. Dili lang kini tradisyon, kondili usa usab ka paagi sa pagpakita sa among pagdayeg"," Ang akong paboritong holiday gawa sa pasko, mawang holiwik, labi na mga adlaw sa huwebe santo ubi erne santo. Special kaayon ni para nako kay dili lang kini bakasyon gi kan sa terbao o sekwela. Kung dili usa-usab ka panahon sa pagpamalandong paghinay sa dagan sa kinabuhi o paghatagog oras para sa kaugalingon nung sa p pamilya. Sa hollywick, mas malinaw ang palibot, mas gamay ang kasaba og mas kadaghan ug panahon para magunahuna sa mga butanga importante sa kinabuhi. Dili sa mas sa obang halidi nga puro kasadia og handa. Ang hollywick nagtudlok ka nako sa kehinong danon sa pagpahuway sa hunahuna og kasingkaseng og sa paghinomdom sa mga sakrapisyo nga gimo alang sa kalawasan sa katawhan. Genahan ko sa holiwik tungod kay kiniu sa kahigayon nga makabali ko sa simple nga kinabuhi sa mong balay kasagaran ula kayoy dagang laka ug handa kundili. Simpler ang pagkaon og hilom nga palibot. Maminaw mi ug misa motan aw ug religios nga salida ug magbasa ug bibliya. Kininga mga buhat, makatabang ka nako nga mas makasabot sa spiritual nga aspito sa kinabuhi og mas maka pamalandong sa akong mga sayok. Mga kalampusan og mga plano sa umaabot. Ang kahilom sa holiwik murag o sa kapahulay alang sa hunahuna nga permi na puno sa problema, trabaho og responsibilidad sa adadlao. O sa pakahalid day nga, baburito nako mauang all since day og all days, soul, bisan og medyo malungkot ang tema. Importante kayo kini nga mga adlao para nako tungod kay naghatag kini og higayon nga mahinom duman ang mga minahal nga na matay na. Sa mga adlawa sa mani ini mo addtumi sa cementeryo, maghinlo sa lubungan, magdala og bulak og kandila og magampo para sa kalag sa among mga peryente. Dili lang kini tradisyon, kundili usa-usab ka paagi sa pagpakita sa among padayo",0.49174917491749176,125,12,12,166,0.11768018018018019,106,65,38,1605
CEB_010,Cebuano,male,Philippines,Tagalog / Filipino,Philippines - Manila (Tagalog),Linux,Mobile,475,35-44,True,native,004_004,34,"Ang akong damgo sa kinabuhi mao ang pagkinabuhi nga malinaw, malipayon ug makahuluganon dili lang para sa akong kaugalingon kondili usab para sa akong pamilya ug sa mga tawo nga naa sa akong palibot. Gusto ko nga makabuot ang usa ka kahimtangan sa kinabuhi nga dili pirmi puno sa kabalaka ug kakapoy kondili adunay balanse tali sa trabaho, personal nga kalipay ug panahon para sa pamilya. Usa sa akong pinakadakong damgo mao ang mahimong financially stable aron dili na pirmi maghunahuna kung asa mangita og kwarta para sa adlaw nga panginginahanglan. Gusto nga makahatag og komportable nga kinabuhi sa akong pamilya, makasuporta sa ilang mga pangandoy ug makahatag og maayong edukasyon sa akong mga anak o mga manghud kung naa man. Para nako, ang tinuod nga kalampusan dili lang sukdon sa kadaghan sa kwarta kondili sa kahimtangan sa hunahuna ug kasingkasing nga matag adlaw mubangon nga walay bug-at nga pagbati ug matulog nga malinaw ang konsensya. Bahin usab sa akong damgo ang personal nga pagtubo o pagpaayo sa kaugalingon. Gusto nga magpadayon sa pagkat-on og bag-ong mga kahanas labi na sa mga butang nga makatabang sa akong career ug sa akong personal nga interes. Damgo nako nga makakita og trabaho og negosyo nga dili lang makahatag og igo nga kita kondili usab makahatag og katagbawan og kahulugan sa akong gibuhat. Gusto ko nga mubati nga importante ang akong kontribusyon og adunay positibong epekto sa uban. Apil sa akong damgo ang pagkahimong mas maalamon, mas mapailubon og mas responsable nga tawo nga kabalo moatubang sa mga pagsulay sa kinabuhi nga dili dayon mohunong o moundang. Gusto nga mahimong inspirasyon sa akong pamilya og sa mga tawo nga nakaila nako nga makita nila nga posible ang pag-uswag bisan pa sa kalisud kon adunay disiplina, pagtuo sa kaugalingon og paningkamot. Usa pa sa akong damgo mao ang pagbiyahe o pag-explore sa lain-laing lugar. Gusto nga makakita sa lain-laing kultura, makaila og lain-laing klase mga tawo og makasinati og bag-ong mga butang nga makapalapad sa akong paglantaw sa kinabuhi. Ang pagbiyahe para nako dili lang para sa kalipay kondili para sa personal nga pagtubo og pagkat-on. Damgo nako nga makabisita sa mga lugar nga adunay nakong gihandum. Og makabuhat og mga handuman nga mopabilin sa akong hunahuna hangtod sa katapusan sa akong kinabuhi. Gusto ko usab nga makabyahe uban sa akong pamilya o mga higala kay maespesyal ang mga kasinatian kon naa kay mga kauban nga imong gihigugma og gisaligan. Apil usab sa akong damgo ang pagkatiman sa akong kahimsog, pisikal, mental og emosyonal. Gusto nga mopabilin nga himsog aron makabuhat pa ko sa daghang mga butang nga akong gihandum. Gusto nga mag-practice og maayong pamatasan sama sa regular nga ehersisyo, husto nga pagkaon og igo nga tulog. Kabalo ko nga bisan unsa pakadako ang akong mga damgo, dili nako kini makabuot akong pirmi ko masikiton o walay kusog."," Ang akong damgo sa kinabuhi maho ang pagkinabuhi nga malinao, malipayon og makahuloganon dili lang para sa akong kaogalingon kundi usab para sa akong pamilya og sa mga tawong nga asa akong palibot. Gusto ko nga makabuot ang usaka kahimtangan sa kinabuhi nga dili permi puno sa kabalaka og akapoy, kundili adonay balansi tali sa trabaho, personal nga kalipay og panahon para sa pamilya. Usas sa akong pinakadakong damgo mao ang mahimong financial stable aron dili na permi, magunahuna kong asami taog kwarta para sa dadlaw na pangingin hanglan. Gusto nga makahatag og komportable nga kinabuhi sa akong pamilya. Makasuporta sa ilang mga pangandoy og makahatag og maayong edokasyon sa akong mga anak o mga manhod kung naaman. Para nako ang tinood nga kalampusan dili lang sokdon sa kadaghan sa korta kundili sa kahimtangan sa hunahuna og kasing-kasing. Nga matag-adlaw mo bangon nga wulay bug at nga pagbati og matulog nga malinaw ang konsensya. Bahin usab sa akong damgaw ang personal nga pagtobo o pagpaayo sa koogalingon. Gusto nga magpadayon sa pagkaton og bagong mga kahanas. Labi na sa mga butang nga makatabang sa akong career og sa akong personal na interest. Damgo nako nga makakita og trabaho og degosyo nga dili lang makahatag og igo nga kita, kundili usab makahatag og katagbawan og kahulogan sa akong gibuhat. Gusto kong nga mubati nga importante ang akong kontribusyon og adonay positibong ipikto sa oban. Apil sa akong damgo ang pagkahimong mas maalal-lamon, mas mapay-lubon og mas responsabli nga tao, nga kabalo mo atubang sa mga pagsulay sa kinabuhi, nga dili-dayon mohunong o moundang. Gusto nga mahimong isparasyon sa akong pamilya og sa mga tao nga nakaela nako nga pa kita nila nga posibli ang pag-usuwag bisan pa sa kalisod ko adunay disiplina, pagtuhu sa kao galingon og paningkamot. Usap pa sa akong damgaw mao ang pagbiahe og pag-explore sa lain laing lugar. Gusto nga maka kita sa lain laing k kultura makaila og laing-laing klase mga tao og makasinati og bagong mga butang nga makapalapad sa akong paglantaw sa kinabuhi. Ang pagbiyahe para nako, dili lang para sa kalipay, kundi para sa personal nga pagtobo og pagkaton, damgo nako nga makabisita sa mga lugar nga adonay nga konggi handom. Og makabuhat og mga handomal nga mga pabilin sa akong unahuna hangtod sa katapusan sa akong ginabuhi. Gusto ko usab nga makribyahi oban sa akong pamilya o mga higala kay may special ang mga kasinatiyan kung naakay mga kaoban nga imong gihugogma o gisaligan. Apilo sab sa akong damgo ang pagkatiman sa akong kahimsog, physical, mental og emotional. Gusto nga makpabilin nga himsog aron. Mukabuhat pa ko sa daghang mga butang nga akong gihandom, gusto nga magpraktis og maayong pamatasan sama sa regular nga ersisyo, gusto nga pagkaon og igo nga tulog. Kabulo ko nga bisan unsa, pakadako ang akong mga damgo, dili nako kini makabuot, akong permi ko masikiton o walaibos ko-sog.",0.3178947368421053,133,6,12,336,0.06710709318497914,99,40,54,2737
CEB_010,Cebuano,male,Philippines,Tagalog / Filipino,Philippines - Manila (Tagalog),Linux,Mobile,457,35-44,True,native,004_005,35,"Ang akong plano karong weekend mao ang paghatag og panahon para sa pahulay, personal nga buluhaton ug sa pamilya. Human sa usa kakapoy ug busy nga semana sa trabaho, importante kaayo para nako nga makapahuway og maka-recharge sa kusog. Sa Sabado sa buntag, plano nako nga matulog og dugay gamay aron makabawi ang kakulang sa tulog sa miaging mga adlaw. Pagmata, mag-andam ko og simple nga pamahaw og maglimpyo sa balay, sama sa paghan-ay sa kwarto, paglabhan sa mga sinina, ug pa-organize sa mga gamit nga natapok sa tibuok semana. Para nako, ang paglimpyo usa ka klase sa therapy kay nagahatag kini og malinaw nga hunahuna ug pagbati nga naay kay kontrol sa imong palibot. Sa hapon sa Sabado, plano nako nga maghatag og oras para sa akong kaugalingon. pwede ko motan-aw og salida o series, magbasa og libro o magpaminaw og musika. Kon maayo ang panahon, gusto pod nako nga mogawas gamay, maglakaw-lakaw sa duol nga parke o makikita sa usa ka higala nga para magkape ug magstorya. Importante kaayo nako ang social time, bisan sa gamay nga paagi, kay nakatabang kini sa pagpagawas sa stress ug sa pagpabiling nga konektado sa mga tawo nga importante sa akong kinabuhi. Dili man kinahanglan nga bongga ang mga plano. Ang importante mao nga malipayon ug relax ang pagbati sa matag buhaton. Sa Dominggo, plano na nga maghatag og oras para sa pamilya. Magkaon mi og paniudto nga sabay-sabay og magstorya sa mga nahitabo sa miaging semana. Kon adunay mga buluhaton nga kinahanglan buhaton sa balay, sama sa pag-ayo og gagmayng butang o pagtanom og mga tanom, buhaton pod na namo kini nga maghihiosa. Para nako, ang simpleng nga kalihokan uban sa pamilya, dako kaayo og bili kay nagpalig-on kini sa among relasyon og nagahatag og pagbati sa panaghioosa. Sa gabii sa Domingo, plano nako nga mag-andam para sa sunod nga semana. Mgtan-aw ko sa akong schedule, maglista sa mga buluhaton nga kinahanglan buhaton, ug mag-andam sa mga butang nga gamiton sa Lunes. Kini nga rutina makatabang kaayo aron malikayan ang stress ug kalibog sa pagsugod sa bag-ong semana. Human ini, magpahuhay ko pinaagi sa pagtan-aw og gamay nga salida o pagpaminhaw sa og musika, ug dayon matulog sayo aron andam ang lawas ug hunahuna sa mga hagit sa umaabot nga mga adlaw. Sa kinatibuk-an, akong plano karong weekend dili komplikado, apan puno sa kahulugan og balanse. Ang kombinasyon sa pahulay, personal nga oras, og panahon alang sa pamilya ug mga higala naghatag kanako og kahimtangan sa kalipay ug katagbawan. Para nako, ang usa ka maayong weekend dili sukdon sa kadaghan sa mga lakaw o gastohan, kondili sa pagbati nga napakahuway ka, malipay ka, ug andam ka nga moatubang sa bag-ong semana nga may bag-ong kusog og positibong hunahuna."," Ang akong pla no karongwik en mo ang paghatagog panahon para sa pahulay, personal nga buluhaton og sa pamilya. Human sa usa, kakapoy og bisi nga simana sa trabaho. Importante kayo para na ko nga makapahuay og makaridchard sa kusug. Sa sabado sa buntag, pla no na ko nga matulog og dugay, gamay aron makbawi ang takulang sa tulog sa miaging mga adlaw. Pag mata mag-andam ko og simple nga pamaha og maglimpyo sa balay sama sa paghanay sa kwarto, paglabhan sa mga sinina og paorganay sa mga gamit nga natapog sa tibuok simana. Para nako ang paglimpyo sa ka-klasi sa terapi kay naghatag gini og malinaon nga una-una apagbate nga nga kay kontrol sa imong palibot. Sa hapon sa sabado, planon nako nga maghatag og uras para sa akong paog-kaogalingon Kudiko, mutan na og salida o siris, magbasa og libro o magpamin na og musica. Kung aayo ang panahon, gusto pod nako nga mugawas gamay, maglakao-lakao sa dool nga parke o makikita sa osa kahigala nga para magkapi og mag-historia. Iportante kayo nako ang social time bisan sa gamay nga paagi kay nakatabang gini sa pagpagawa sa stress og sa pagpabilin nga konigdado sa mga tao nga, importante sa akong kinabuhi. Diliman kinahanglan nga bungga ang mga plano. Ang importante maong malipayon og relax ang pagbati sa matag buhaton. Sa domingo, plano nga nga gahatagog oras para sa pamilya. Mga kaon, miog paniyudo nga sabay-sabay og mag-storia sa mga nahitabog sa miaging simana. Ong adunay mga buluhaton nga kinahanglan, buhaton sa balay, sama sa pag-ay og gagmahing butang og pagtanom og mga tanom, buhaton po nga namo kini nga mag-ihi-iosa. Para nako ang simple nga kahilihokan og uban sa pamilyamilya. Dako kayo ug bili kay nagpalig-on kini sa among relasyon og naghahatag og pagbate sa panag-hiyosa. Sa gabi sa Damingo, plano na ko nga mag-andam para sa sunod nga si mana. Mag-tanao ko sa akong schedule, mag-lista mga buluhaton na kinahanglan buhaton og bagandam sa mga butang gamiton sa lunes. Kininga rutina, makatabang kayo, aron malikaya nang stress og kalibog sa pagsugod sa bagong simana. Human ini, magpahaway ko pinaagi sa pagtanao og kamay nga salida og pagpamahinao sa og musica og dayon matulog sayo aron anda manglawas og unahuna sa mga hagit sa umaabot nga mga adlaw. Sa kinatibokan, akong plano karong weekend dili kaplikado apan puno sa kahulogan og balansi. Ang kubinasyon sa pahulay, personal nga oras, og panhawna lang sa pamilya og mga higala, naghahatagan nako og kahimtangan sa kalipay og katagbawan. Para nako, ang usa ka maayong weekend dili sok dun sa kadaghan sa mga lakaw o gastuhan, kung dili sa pagbatek na napakahuway ka, nalipay ka og andam ka nga muatubang sa bagong simana, nga may bagong kusog og positibong unahuna.",0.3982494529540481,160,11,11,286,0.0967503692762186,110,84,68,2514
CEB_010,Cebuano,male,Philippines,Tagalog / Filipino,Philippines - Manila (Tagalog),Linux,Mobile,289,35-44,True,native,004_006,36,"Ganahan ko maghigda sa udto, labi na kung human na ang tanan na kong buluhaton sa adlaw og wala nay daghang obligasyon nga kinahanglan asikasuhon pagkahuman sa gabii. Ang pagkatulog sa ulahi nga oras usahay mahimong usa ka pamaagi sa pag-relax og pag-enjoy sa personal nga oras. Sama sa pagtan-aw og salida, pagpaminaw og musika, pagbasa og libro, o simpleng pag-browse sa internet. Sa hilom nga kahimtang sa gabii, mas dali mag-focus og mas malinaw ang hunahuna tungod kay wala nay kaayoy samok gikan sa palibot. Mao nga ang udto nga oras mahimo usa ka panahon sa kalinaw og personal nga pahulay sa hunahuna. Bisan pa, pinauyan na, sabtan usab nga ang paghigda sa udto dili permi maayo para sa lawas og panglawas. Kung permi kulang tulog, dali mabati ang kakapoy, kasakit sa ulo, og kakulang sa konsentrasyon sa sunod nga adlaw. Ang kakulang sa tulog makaapekto sa performance sa trabaho o eskwela, og makapahinay sa reflexes og abilidad sa pagdesisyon. Mao nga bisan ganahan maghigda sa udto, ipaningunahan gihapon nga makabuot ang balanse tali sa pag-enjoy sa personal nga oras og sa paghatag sa lawas og igo nga pahulay. Sa kadugayan, mas maayong maghimo og regular nga eskedyul sa pagkatulog aron masanay ang lawas sa tukmang oras sa pagpahulay og pagmata. Ang disiplina sa oras sa pagkatulog makatabang sa paglig-on sa immune system, pagpaayo sa mood, og pagdugang sa enerhiya sa adlaw. Bisan kon naa pay mga gabii nga matulog og ulahi tungod sa trabaho, social activities, o personal nga interes, mas maayong buhaton kini sa panagsa ra og dili humuhang batasan. Sa katapusan, ang paghigda sa udto mahimong makahatag og kalipay og personal nga katagbawan, apan kinahanglan gihapon nga bantayan ang epekto niini sa lawas og hunahuna."," Ganahan ko mohigda sa ugto, labi na kong humana ang tanan, na kong buluhaton sa adlaw og wala, nai dagang obligasyon na kinahanla na si kasuhon pagkahuman sa gabi'i. Ang pagkatulog sa olahi nga oras usahay, mahimong usaka pa maagi sa pag-relax og pag-enjoy sa personal nga oras. Sama sa pagtanaw og salida, pag-mina og musica, pagbasa og libro o simpleng pagbraw sa internet. Sa hilom na kahimtang sa gabi'i, mas dali magpokus og mas malinaw ang hunahuna tungod kiwala nai kaayoy samok ikan sa palibot. Mau nga ang uto nga oras mahimo usaka panahon sa kalinaw og personal nga pahulay sa hunahuna. Bisan papniyan na sabtan usab nga ang pagigda sa uto dili permi maayo para sa lawas og panglawas. Kung permi kulang tulog, dali mabati ang kakaapoy kasakitit sa ulo og kakulang sa koncentrasyon sa sunod nga adlaw. Ang kakulang sa tulog makapig to sa performance sa trabaho o sk gyapon nga makabuot ang balansi tali sa pag-enjoy sa personal nga oras og sa paghatag sa lawas og igo nga pahulay. Sa katugayan, mas maayong maghimoog regular nga schedule sa pagkatulog aron masanay ang lawas sa tokmang oras sa pagpahulay og pagmata. Ang disciplina sa ura sa pagkatulog makatabang sa paglinkon sa immune system, pagpaayo sa mode og pagdugang sa enerhiya sa adlaw, bisan kong naapay mga gabi na matulog og ulahi tungod sa trabaho, social activities o personal na interest. Mas maayong buhaton kini sa panagsara og dili humo ang batasan. Sa katapusan ang paghida sa auto mahimong makahatag og galipay og personal nga at katagbawan apan, kinahanglan gihapon nga. Bantayan ang ipikto ni ini sa lawas og gunhaw na.",0.35986159169550175,74,23,7,192,0.13060989643268126,42,161,24,1535
CEB_010,Cebuano,male,Philippines,Tagalog / Filipino,Philippines - Manila (Tagalog),Linux,Mobile,186,35-44,True,native,005_001,37,"Walo na ko ka tuig sa akong trabaho og hangtod karon padayon gihapon ko nga nagtrabaho sa parehas nga linya. Dili lalim ang magpabilin og dugay sa usa ka trabaho, labi na kung daghan kaayong pagsulay, kakapoy og mga sitwasyon nga usahay makapahunahuna nimo nga mohunong na lang sa sinugdanan. Daghan kaayong butang ang akong natun-an, dili lang teknikal nga kahanas, kondili usab ang disiplina, pagka mapalaibuton og magpag-atubang sa lain-laing klase sa mga tawo. Sa matag tuig nga molabay, mas nagkalig-on ang akong abilidad sa pagdumala sa trabaho og mas nasabtan nako kon unsa gyud ang akong papel og responsibilidad. Daghan nako nga nasinati nga kalisod sulod niining walo ka tuig. Adunay mga adlaw nga bug-at kaayo ang trabaho, kulang sa tulog og puno sa pressure tungod sa deadlines og expectations. Usahay mobati ko og kakapoy sa lawas og hunahuna og moabot sa punto nga gusto na lang ko mopahuway og dugay o mohunong sa akong gibuhat. Apan bisab pa ni ana, nagpabilin gihapon ko tungod kay kabalo ko nga ang akong trabaho mao ang usa sa nagsuporta sa akong pamilya og sa akong kaugalingon."," Walon naku katuig sa akong trabaho og hantod ka ron padayon gihapon kung nagtrabaho sa parahas nga linya. Dili alim ang magpabilin og dugay sa usaka trabaho, nabi nakong daghan kaayong pagsulay, kakapoy og mga situasyon nga usahay, makapaunahuna ni mga muhunung na lang. Sa sinogdanan, daghan kaayong butang ang akong natunan, dili lang teknikal nga kahanas, kong dili usab ang misiplina, pagka ma palaibuton og magpag-atubang sa lain-laing klase sa mga tawo. Sa matagtuig na mulabay, mas nang kalig o nang akong habilidad sa pagdumala sa trabaho og mas, nasabtan ako kung unsagyod ang akong papil og responsibilidad. Lagahan akong naisinati nga kalisod sulod ni ini mwala ko tuig, adunay mga adlaw nga bukat kaayo sa ang trabaho, kulang sa tulog ug puno sa pressure tungod sa deadlines og expectations. Usahay mo ba'ti ko ga kapoy sa lawas og gunahuna og moabot sa puntong gusto. Ang akong trabaho mawang osa sa nagsuporta sa akong pamilya og sa akong kaogalingon.",0.5268817204301075,58,33,7,95,0.19034608378870674,34,154,21,910
CEB_001,Cebuano,female,Philippines,Tagalog / Filipino,Philippines - Manila (Tagalog),Windows,Desktop,512,35-44,False,conversational,005_002,38,"Kasagaran matulog ko mga alas dyes sa gabii. Alang kanako ang pagkatulog sa hustong oras usa ka importante nga bahin sa adlaw-adlaw nga kinabuhi tungod kay kini makatabang sa pagpahus-- pagpahuway sa lawas ug huna-huna human sa usa ka adlaw nga puno sa trabaho, pag-eskwela, mga buluhaton sa balay ug uban pang responsibilidad. Ang lawas nanginahanglan og igo ang paghulay aron mag-- mabawi ang kusog og maandam alang sa sunod nga adlaw. Mao nga naningkamot ko nga dili magdugay og mata ug magsunod sa usa ka regular nga e-schedule sa pagtulog. Sa dili pa moabot ang oras sa akong pagkatulog, paningkamotan nako nga mahuman ang tanan nako sa mga buluhaton. Kon adunay trabaho nga kinahanglan tapuson, assignment nga angay isumite, o mga buluhaton sa balay sama sa pagpanglimpyo ug pang-- pag-andam sa mga gamit alang sa sunod nga adlaw, akong himuon kini sa dili pa ko mosulod sa kwarto aron makapahulay. Mas sayon ang pagkatulog kon wala nakoy daghang gihunahuna nga wala pa mahuman. Usa sa akong naandam sa gabii mao ang paglimpyo ko sa akong kaugalingon sa dili pa matulog. Maghugas ko sa akong nawong, maglimpyo sa akong mga ngipon, ug usahay maligo kon init sa panahon ug gikan ko sa gawas. Ang pagbati nga limpyo ug prisko makatabang sa mas komportable nga pagkatulog. Human niini, akong ayohon sa akong higdaanan og suguruhon nga limpyo ang akong kwarto aron malinawon ang aking pagpahuway. Kasagaran, likayan nako ang sobra nga paggamit sa selpon o kompyuter sa dili pa mo-- matulog. Nasayod ko nga ang dugay nga pagtan-aw sa screen mahimong makapalisod sa pagtulog tungod kay ang kahayag gikan niini mahimong makapukaw sa mata og makapugong sa lawas nga mobati og katulogon. Mao nga kon hapit ang akong oras sa pagkatulog, akong ibutang sa kilid na-- ang akong mga gamit og mag-andam sa pagpahuway. Alang kanako, ang pagkatulog dili lamang usa ka pahulay kondili usa ka importante nga paagi sa pag-atiman sa kahimsog. Sa panahon sa pagkatulog, ang lawas nag-ayo sa kaugalingon, nagbawi sa kusog, og nag-andam alang sa mga buluhaton sa sunod nga adlaw. Kon kulang ang tulog, dali kong mabati ang kakapoy, kakulang sa konsentrasyon, ug usahay mahimong dili maayo ang mood. Mao ang gihatagan nako og bili ang igo og kalidad nga pagkatulog. Usahay adunay nga higayon nga malangan ang akong pagkatulog, pananglitan kon adunay importante nga proyekto, meeting sa sunod nga adlaw nga kinahanglan andamon, o espesyal nga okasyon uban sa pamilya. Mahimo kon matulog og alas onse o bisan hating gabi. Apan dili ko kini himuon matag adlaw tungod kay nasayod ko nga ang kanunay nga pagpuyat mahimong dili maayo alang sa paglawas. Kung adlaw sa paghulay sama sa Sabado o Domingo, usahay medyo malangan ang akong pagkatulog tungod kay wala koy sayo nga lakaw sa buntag. Apan bisan pa ni ana, dili ko gusto nga magpuyat hangtod kadlawon. Mas ganahan gihapon ko nga magpabilin ang regular nga iskedyul sa akong pagkatulog aron dili lisod ang pagmata sa sunod nga mga adlaw. Sa akong hunahuna, ang maayong kalidads, kalidad sa pagkatulog dili lamang nagdepende sa oras sa pagka"," Kasagaran matulog ko mga alasjes sa gabi e. Alang ka nako ang pagkatulog sa hustong oras. Usaka importante nga bahin sa adlaw-adlaw nga kinabuhi. Tungod kay kini makatabang sa pagpahuway sa lawas og hunahuna. Human sa usaka adlaw nga puno sa trabaho, pag ispweda mga buluhaton sa balay og uban pang responsibilidad ang lawas, nang inahanglan og igo ang paghulay aron mag mabawi ang kosog og maandam alang sa sunod nga adlaw, maunga, naningkamot konga dili, magdugay og mata og magsunod sa usaka regular nga schedule sa pagtulog. Sa dili pa moabot ang ora sa akong pagkatulog paningkamotan nako nga mahuman ang tanan nako sa mga buluhaton. Kuan adonay trabaho nga kinahanglan taposon assignment nga angay isumite o mga buluhaton sa balay sa masa pagpang limpyo o pag-andam sa mga gamit alang sa sunod nga adlaw. Akong himoon, kinisa dili pa ko musulod kwarto, aron makapahulay, masayon ang pagkatulog ko'n wala nakoy, daghang, gihunahuna nga wala pa mahuman. Wasa sa akong naandam sa gabi'i, mao ang paglimpyo ko sa akong kaugalingon sa dili pa matulog, maghugas ko sa akong nawong, maglimpyo sa akong mga nipon og usahay maligokon init sa panahon og ikan gusagawas. Ang pagbati nga limpyo og prisco makatabang sa mas komportable nga pagkatulog. Human ni ini akong ayuhon sa akong igdaanan og sigurohon nga limpiw ang akong kwarto, aron malinawon ang aking pagpahuway. Kasagaran likayan nako ang sobrang nga paggamit sa silpon o computer sa dili pamut matulog, Nasayod ko nga ang dugay nga pagtanaw sa screen. Mahimong makapalisod sa pagtulog. Tungod kay ang kahayagikan ini. Mahimong makapukaw sa mata og makapugong salawas nga mobati og katulogon. Maunga akong hapit ang akong oras sa pagkatulog akong ibutang sa kilid na ang akong mga gamid og mag-andam sa pagpahulay. Alang ka nako ang pagkatulog dili lamang usaka pahulay kundili usaka importante nga paagi sa pag-atiman sa kahimsog, sa panahon sa pagkatulog, ang lawas nag-ayo sa kaugalingon, nagbawi sa kusog og nag-andam alang sa mga buluhaton sa sunod nga adlaw. Konkulang ang tulog, dali kong mabati ang kakapoy kakulang sa koncentrasyon ug usahay mahimong dili, maayo ang mod, mao ang gihatagan nako ug bili ang igo ug karidad nga pagkatulog. Usahay adunay nga higayon nga, malangan ang akong pagkatulog, pananglitan kon adunay importante nga proyekto, meeting sa sunod nga adlaw, nga kinahanglan andamon o especial nga okasyon, uban sa pamilya, mahimo kon matulog ug alas onse o bisan hatenggabi. Napandili ko kinihimoon matag-adlaw. Tungod kay nasayod ko nga ang kanunay, nga pagpuyat, mahimong dili maayo, alang sapaglawas. Kung adlaw sapag hulay, sama sa sabado o domingo, usahay medyo malangan ang akong pagkatulog, tungod kay walakoy sayong nga lakaw sa buntag. Apanbisan pa ni Anna, dili ko gusto nga magpoyat hangtod kadlawon, mas ganahan gihapon ko nga magpabilin ang regular nga schedule sa akong pagkatulog, aron dili lisod ang pagmata sa sunod nga mga adlaw. Sa akong huna-huna, ang maayong kalidad sa pagkatulog dili lamang ngag-depend di sa ora sa pagkatulog",0.337890625,140,27,6,345,0.07559465623981754,81,94,57,2894
CEB_001,Cebuano,female,Philippines,Tagalog / Filipino,Philippines - Manila (Tagalog),Windows,Desktop,503,35-44,False,conversational,005_003,39,"Kasagaran, mutulog ko nga gabii mga alas diyes hangtod alas onse depende sa akong mga buluhaton sa tibuok adlaw. Alang kanako ang hustong oras sa pagkatulog importante kaayo tungod kay kini makatabang sa pagpahuway sa lawas ug hunahuna. Human sa usa ka adlaw nga puno sa trabaho, pag-eskwela, ug uban pagresponsibilidad ang lawas, nahanginahanglan og igo nga pahulay aron mabawi ang kusog ug mahimong andam sa usab alang sa sunod nga adlaw. Sa dili pa ko matulog, akong siguruhon nga nahuman na ang akong mga kinahanglan buluhaton panaglitan. Kon adunay trabaho nga kinahanglan, mahuman assignment nga kinahanglan isumite o mga buluhaton sa balay. Paningkamotan nako a-nga mahuman kini sa dili pa ko mosaka sa higdaanan. Mas komportable ang akong pagbati kon walay daghang hunahuna sa akong dad-on sa pagkatulog. Kasagaran usab nga manglimpyo ko og sa akong higdaanan og sa kwarto sa dili pa ko matulog. Ganahan ko nga limpyo ug hapsay sa akong palibot kay mas sayon ang pagpahuway kon organisado ang kwarto. Human niini, manghugas ko sa akong nawong, maglimpyo sa akong mga ngipon, ug usahay maligo kon gikinahanglan. Kini nga mga batasan makatabang dili lamang sa kahimsog apan usab sa pagbati nga fresh ko ug komportable sa pagtulog- pagkatulog. Sa dili pa ko mopalong sa suga, usahay motan-aw ko sa oras aron masubay da- nako kon sayo ba ang ulahi na akong pagkatulog. Naningkamot ko nga dili kaayo magdugay sa paggamit sa cellphone o computer sa dili pa matulog kay usahay makapugong kini sa dali nga pagkatulog. Mas maayo nga ipahuway ang mata ug hunahuna aron dali nga makatulog ug maayo ang kalidad sa pahulay. Ang pagkatulog sa hustong oras, adunay daghang kaayohan. Una, makatabang kini sa paghatag og kusog alang sa sunod nga adlaw. Kon igo ang tulog, mas dali ang pagmata og mas aktibo ang pagbati. Mas maayo usab ang konsentrasyon sa trabaho o sa eskwela. Dili dali kapoyon og mas daghan ang mahuman nga buluhaton tungod kay alerto ang paghunahuna. Ikaduha, ang igo nga pagkatulog makatabang sa maayong paglawas. Sa panahon sa pagkatulog, ang lawas nag-ayo sa mga selula ug nag-andam alang sa sunod nga adlaw. Kon kulang ang tulog, mahimong mobati og kakapoy, sakit sa ulo, o kakulang sa kusog. Busa importante kaayo nga dili kanunay magpuyat kon dili man gyod kinahanglan. Usahay adunay mga higayon nga malangan ang akong pagkatulog pananglitan kon adunay importante nga trabaho nga kinahanglan mahuman. Espesyal nga okasyon o emerhensya, mahimong maulahi ang akong pagtulog apan paningkamotan gihapon nako nga makabawi sa paghulay sa sunod nga adlaw aron dili maapektuhan ang akong kahimsog. Kung adlaw sa pahulay sama sa Sabado o Domingo, usahay medyo malangan gamay ang akong pagkatulog tungod kay wala kaayo ko'y sayo nga lakaw sa sunod nga buntag. Bisan pa ni ana, dili ko gusto nga sobra kaulahi ang pagkatulog kay gusto gihapon nako nga magpabilin ang maayong eskedyul sa akong lawas. Ang regular nga oras sa pagkatulog makatabang aron dili lisod sa pagmata matag buntag. Sa akong hunahuna, ang pagkatulog dili angay tan-awon nga pag-usik sa oras-"," Kasagaran motulog ko nga gabi e mga alas yes hangtod alas onse, dipindi sa akong mga buluhaton sa tibuok adlaw. Alang kanako ang hostong ora sa pagkatulog. Importante kaayo tungod kay kini makatabang sa pagpahuway sa lawas og hunahuna. Human sa usaka adlaw nga puno sa trabaho pag iskwela og uban pag responsibilidad ang lawas. Nahianginahanglan og igo nga. Pahulay aron mabawi ang kosog og mahimong andam sa usab alang sa sunod nga adlaw. Sa dili pa ko matulog, akong sigurohon nga nahuman nga akong mga kinahanglan, buluhaton panaglitan. Kun adunay trabaho nga kinahanglan, mahuman assignment nga kinahanglan isumite o mga buluhaton sa balay. Paningkamotan naku nga mahuman kini sa dili pa ko, mosa ka sa higdaanan. Mas komportable ang akong pagbati konwalay daghang, huna-huna sa akong dad-on sa pagkatulog. Kasagaran usab nga manlimpyo koong sa akong higdaanan og sa kwarto sa dili pa ko matulog ganahan ko nga limpyo og hapsay sa akong palibot kay mas sayon ang pahuway kon organisado ang kwarto. Human ni ini manhugas ko sa akong nawong bag limpyo sa akong mga ngipon og usahay maligokon, gi kinahanglan, kininga mga batasan, makatabang dili lamang sa kahimsog apan usab sa pagbati nga presko og komportabli sa pagtulog, pagkatulog. Sa dalipako mo palong, sa suga, usahay motan au ko sa oras, aron masubay na ko kung sayo ba ang wulahin na akong pagkatulog. Naningkamot ko nga dili kaayo magdugay sa paggamit sa silpon o computer sa dili pa matulog kay usahay makapugong kini sa dali nga pagkatulog. Mas maayo nga ipahuway ang mata og huna-huna, aron dali nga makatulog og maayo ang kalidad sa pahulay. Ang pagkatulog sa hustong oras adunay daghang ka kaayuhan una makatabang kini sa paghatag og kusog alang sa sunod nga adlaw. Kon igo ang tulog, mas dali ang pagmata og mas aktibo ang pagbati, mas maayo usab ang koncentrasyon sa trabaho o sa eskuda. Diliali ka po yon awog masdaghan ang mahuman nga buluhaton tungod kay alerto ang paghuna-huna. Ikaduha ang igonga pagkatulog makatabang sa maayong paglawas sa panahon sa pagkatulog ang lawas nag-ayo sa mga celula ug nag-andam alang sa sunod nga adlaw. Konkulang ang tulog, mahimong mobati ug ka kapoy, sakit sa ulo o kak akong pagtulog. Apan paningkamutan, gihapon ako makabawi sa paghulay sa surod niya adlaw. Aron dili maapigtuhan ng akong kahimsog. Kung adlaw sa pahulay sa masasabado o domingo, usahay medyo malangan gamay ang akong pagkatulog. Tungod kay wala kaayo ko'y sayo nga lakaw sa sunod nga buntag. Bisan pa ni Ana. Dili ko gusto nga subra kaulahi ang pagkatulog kay gusto giyapon ako nga magpabilin ang maayong iskid yol sa akong lawas. Ang regular nga ora sa pagkatulog makatabang aron dili lisod sa pagmata, matagbuntag sa akong hunahuna ang pagkatulog dilianggaytan awon nga pagusik sa ora sa",0.36779324055666,121,53,11,329,0.14895697522816168,74,342,41,2652
CEB_001,Cebuano,female,Philippines,Tagalog / Filipino,Philippines - Manila (Tagalog),Windows,Desktop,464,35-44,False,conversational,005_004,40,"Oo, kabalo ko mogamit og computer. Sa karon nga panahon, ang kahibalo sa paggamit sa computer usa na importante kaayong abilidad. Halos tanang trabaho, eskwelahan, ug bisan ang adlaw-adlaw nga buluhaton nag-gamit na og teknolohiya. Tungod niini, dako kaayo ang kaayohan sa usa ka tawo kon kabalo siya mogamit og computer. Dili lamang kini makatabang sa pagtrabaho, apan makatabang sa usab sa pagkat-on, komunikasyon, ug pagdumala sa daghang buluhaton. Sa unang higayon nga nakagamit ko og computer, nagtuon ko sa pinakasayon nga mga butang sama sa pag-on ug pag-off niini. Human niini, nagkakat-on ko unsaon paggamit sa mouse ug keyboard. Sa sinugdanan, medyo lisod kay wala pa kos naanad sa pag-type ug sa paglihok sa cursor gamit ang mouse. Apan pinaagi sa kanunay nga practice ug paggamit, naanad ko ug nahimo kini nga dali alang kanako. Usa sa mga buluhaton nga akong kasagaran buhaton sa computer mao ang paghimo og mga dokumento. Gigamit nako ang word processing software aron makahimo og mga sulat, report, assignment, ug uban pag pang-importante nga papeles. Dako kaayo ang tabang niini tungko-- tungod kay sayon ra ang pag-edit sa sulod sa dokumento. Kon adunays ha-- sayop, dali lamang kini matul-- matul-id nga dili na kinahanglan magsugod pag-usab sama sa pagsulat pinaagi sa kamot. Kabalo usab ko mogamit og spreadsheet aron mag organ-- organisar sa datos ug maghimo og mga simpleng kalkulasyon. Mapuslanon kaayo kini kon adunay listahan sa mga gasto, budget, o impormasyon nga kinahanglan hapsay ang pagkahay-- han-ay. Ang e-spreadsheet makada-- makatabang sa pagtipig sa datos ug paghimo sa mga simpleng pormula aron mas sayon ang pagkalkula. Makagamit usab ko og prese-- presentation software kon kinahanglan ma-- maghimo og presentasyon. Kini makatabang sa pagpakita sa impormasyon pinaagi sa mga slide nga adunay teksto, hulagway, ug usahay mga chart. Ang maayong presentasyon mas sayon sabton sa mga nagtan-aw ug mang-- mas makapadani sa ilang atensyon. Ang computer usa usab ka importante nga himan sa pagkat-on. Pinaagi sa internet, dali kaayo ang pagpangita og impormasyon bahin sa lain-laing mga hilisgutan. Kon adunay assignment o gusto lamang makakat-on og bag-ong butang, daghan kaayong mapuslanong website, artikulo, ug educational videos nga mahimong tan-awon. Kini usa ka dakong tabang sa mga estudyante ug bisan sa mga nagtrabaho nga gusto magpadayon sa pagkat-on. Ang paggamit sa computer makatabang usab sa komunikasyon pinaagi sa email, video calls, ug messaging application. Dali nga makig i-storya sa pamilya, higala, o kauban sa trabaho bisan layo ang ilang lugar. Ilabi na sa panahon nga dali-dali ang pagbiyahe. Ang computer ug internet nahimong importante nga paagi aron magpabilin ang komunikasyon ug panagkonektar. Usa sa akong ganahan sa computer mao ang kahigayonan nga makat-on og bag-ong mga kahanas. Daghan ang libre nga online courses ug tutorials nga nagtudlo sa lain-laing mga hilisgutan sama sa graphic design, programming, language learning, accounting"," O-o, kabalo ko mo gamit og computer sa karon nga panahon ang kahibalo sa paggamit sa computer. Usa na importante kaayong abilidad. Halos ta ng trabaho. Iskulahan og bisan ang adlaw-adlaw nga boluhaton. Mag-amit na og teknologiya. Tungod ni ini dako kayo ang kaayuhan sa usakatawo kon kabalo siya mo gamit og computer. Dili lamang kini makatabang sa pagtrabaho apan makatabang sa usab sa pagkaton komunikasyon og pag lumala sa daghang buluhaton sa unang higayon nga nakagamit ko o computer. Nagtuon ko sa pinakasayon nga mga butang sama sa pag-on o pag-off ni ini. Huma ni ini nagkakat-on ko on sa-on pag-amit sa mouse og keyboard sa sinugdanan medyo lisod kay wala pakus naanad sa pag-type og sa paglihok sa cursor gamit ang mouse. Apan pinahagi sa kanunay nga praktis og paggamit naanad ko og nahimo kini nga dali alang kanako. Usas sa mga buluhaton niya akong kasagaran buhaton sa computer, mau ang paghimo ug mga dokumento, gigamit nako ang word-passesing software, adon makahimo ug mga sulat, report, assignment, ug uban pag pang importante nga papeles. Daku kayo ang tabang, neini tongtongod kay sayon ra ang pag-edit sa sulod sa dokumento. Kon adonay sayop, dali lamang kini matul id nga dili na hinahanglan, magsugod pag-usab sa masapag sulat. Pinaagi sa kamot. Kabalo, usab ko mo gamit ko spreadsheet. Haron mag-organisa sa datos ug maghimo ug mga simpleng kalkulasyon. Mapuslanon kaayo kinikon adon nai listahan sa mga gasto, budget o information nga kinahanglan hapsay ang pagkahay hanay ang spreadsheet makatabang sa pagtipig sa datos og paghimo sa mga simpleng formula aron masayon ang pagkalkulak. Makagamit usab ko og presentation software kon kinahanglan ma maghimo og presentasyon. Kini makatabang sa pagtakita sa informasyon. Pinaagi sa mga slide nga adonay tekstop. Hulaguay og usahay mga chart. Ang maayong presentasyon, mas sayon, sabtun sa mga nagtanaw og mga mas makapa dani sa ilang atensyon. Ang computer usaw-usab ka importante nga himan sa pagkaton. Pagis sa internet, balik kayo ang pagpangita og informasyon bahin sa lainlaing mga hiliskutan. Kon adunay assignment og gusto lamang makakaton og bagong butang. Daghan kaayong mapuslanong website, articulo og educational videos nga mahimong tanabon kini usa ka dakong tabang sa mga estudante ug bisan sa mga nagtrabaho nga gusto magpadayon sa pagkaton. Ang paggamit sa computer makatabang usab sa komunikasyon, pinag-isa e-mail, video calls, og messaging application dali nga makig istorya sa pamilya, higala o kauban sa trabaho. Bisan layo ang ilang lugar, ilado'y na sa panahon nga dali-dali ang pagbiyahe. Ang computer ug internet nahimong importante nga paagearod. Magpabilin ang komunikasyon ug panag-konectar. Usasa sa akong ganahan sa computer. Mau ang kahigayonan nga makat-on ug bag-ong mga kahanas, dagan ang libre nga online courses og tutorials nga nagtudlo sa lain-laying mga hilisgutan sama sa graphic design, programming, language learning, accounting,",0.3728448275862069,150,13,10,301,0.08591408591408592,98,110,50,2795
CEB_001,Cebuano,female,Philippines,Tagalog / Filipino,Philippines - Manila (Tagalog),Windows,Desktop,453,35-44,False,conversational,005_005,41,"Oo, adunay koy opinyon bahin sa artificial intelligence o AI. Alang kanako, ang artificial intelligence usa sa labing importante nga kalamboan sa teknolohiya sa atong panahon. Kini usa ka sistema nga makahimo sa pagbuhat sa pipila ka mga buluhaton sa-- nga kasagaran ginabuhat sa tawo, sama sa pag-analisar sa impormasyon, pag-ila sa mga hulagway ug tingog, paghubad sa pinulongan ug paghatag og mga tubag sa lain-laing mga pangutana. Bisan pa man sa daghang kaayohan niini, nagtuo ko nga kinahanglan kini gamiton sa maalamon, responsable ug adunay. Gusto nga pagdumala arun, makisiguro nga kini makatabang sa katawhan ug dili mahimong hinungdan sa problema. Sa miaging nga mga tuig, kusog kaayo ang pag-uswag sa artificial intelligence. Kaniadto ang AI makita lamang sa mga salida sa telebisyon o sine nga nagpakita og mga robot nga makahunahuna sama sa tawo. Karun nahimo na kini nga bahin sa atong adlaw-adlaw nga kinabuhi. Daghan sa atong gigamit nga mga ap-aplikasyon, serbisyo adunay AI nga nagtabang aron mahimong mas sayon ang atong mga bul-buluhaton. Panaglitan ang search engine, navigation apps, translation tools ug mga virtual assistants nagamit sa AI aron makahatag ug mas tukma ug mas paspas nga serbisyo. Usa akong nakita nga pinakadakong bintaha sa artificial intelligence mao ang iyang abilidad sa pagsayon sa trabaho. Daghan buluhaton nga kaniadto nagkinahanglan ug daghang oras ma-mahimo sa nakaron mahuman sulod lamang sa pipila ka minuto. Pananglitan, ang pag-organisar sa datos, paghimo ug report, pag-analisar sa impormasyon ug pagtabang sa pagsulat mahimong mapaspasan pinaagi sa AI. Kini makatabang sa mga empleyado aron mas makahatag sila og panahon sa uban pag-importante nga ang buluhaton. Sa edukesyonal, dako usab ang natabang sa artificial intelligence. Ang mga estudyante makahimo og research, makapangutana bahin sa ilang leksyon ug makadawat og dugang nga kasayuran pinaagi sa AI. Ang mga magtutudlo usab mahimong mogamit niini aron makahimo og lesson plans, quizzes ug educational materials. Apan nagtuo ko nga ang AI dili angay mahimong kapuli sa tinuod nga pagtuon. Importante gihapon nga ang estudyante masabot sa ilang gieskwelahan pinaagi sa kaugalingong paningkamot og kritikal nga paghunahuna. Sa natad sa medisina, ang artificial intelligence adunay dakong potensyal. Makatabang kini sa mga doktor sa pag-analisar sa mga resulta sa laboratoryo, pagtan-aw sa medical images ug paghatag og dugang nga impormasyon aron mas dali makab-ut ang tukmang diagnosis. Dili kini nagpasabot nga mapalihan ang doktor, kung dili usa kini ka himan nga makatabang aron mahimong mas epesyente ug mas tukma ang pag-atiman sa pasyente. Sa negosyo, daghang kompanya ang magamit sa AI aron mapauswag ang ilang serbisyo. Mahimo kini gamiton sa pagdumala sa inventory, pagtagna sa panginahanglan sa merkado, pag-atiman sa customer. Thats-- aron makahimo og maayong desisyon ang paggamit sa AI, makatabang sa pagpalambo sa kalidad sa serbisyo ug sa pag-"," Oo adunay ko'y opinion bahin sa Artificial Intelligence, oh yay ay, alang ka nako ang Artificial Intelligence. Usa sa labing importante nga kalambuan sa teknologia sa atong panahon. Kini-usa ka sistem nga makahimo sa pagbuhat sa pipila ka mga buluhaton sa nga kasagaran ginabuhat sa tawo sa masapag adunay ko'y opinion bahin sa Artificial Intelligence, oh yay ay, alang ka nako ang Artificial Intelligence. Usa sa labing importante nga kalambuan sa teknologia sa atong panahon. Kini-usa ka sistem nga makahimo sa pagbuhat sa pipila ka mga buluhaton sa nga kasagaran ginabuhat sa tawo sa masapag adunay ko'y opinion bahin sa Artificial Intelligence, oh yay ay, alang ka nako ang Artificial Intelligence. Usa sa labing importante nga kalambuan sa teknologya sa atong panahon. Kini-usa ka system nga makahimo sa pagbuhat sa pipila ka mga buluhaton sa pipila ka mga buluhaton sa nga kasagaran ginabuhat sa tawo sa masapag adunay ko'y opinion bahin sa artificial intelligence, oh yay ay, alang ka nako ang Artificial Intelligence. Usa sa labing importante nga kalambuan sa teknologya sa atong panahon. Kini-usa ka system nga makahimo sa pagbuhat sa pipila ka mga buluhaton sa pipila ka mga buluhaton sa pipila ka mga buluhaton sa pipila ka mga buluhaton sa nga kasagaran ginabuhaton sa nga kasagaran gin-analisar sa informasyon, pag-ila sa mga hulagway og tingog, paghubad sa pinulongan og paghatag og mga tubag sa lain laing mga pangotana. Bisan paman sa daghang kaayuhan ni ini, nagtu-o ko nga kinahanglan kini gamiton sa maalamon responsable og adunay. Kusto nga pag-dumalaaron makisiguro nga kini makatabang sa kataw, han og dili mahimong hinungdan sa problema sa miyaging nga mga tubig kusug kaayo ang pag-uswag sa artificial intelligence, kad niyad to ang AI makita lamang sa mga salida sa television o sine nga nagpakita ug mga robot nga makahuna-huna sama sa tawo. Karon nahimo na kini nga bahin sa atong adlaw-adlaw nga kinabuhi. Daghan sa atong gigamet nga mga application-servicio adunay, ay-ay nga nagtabangang aron mahimong masayon ang atong mga buluhaton. Panaglitan ang search engine navigation apps, translation tools og mga virtual assistants nga gamit sa AI aron makahatag og mas tokma og mas paspas nga serbyo. Usa akong nakita nga, pinakadakong bentaha sa artificial intelligence, mahuang iyang abilidan sa pagsayon sa trabaho, daghan buluhaton nga kadnyadto nagkinahanglan ug daghang oras, mahimo sa nakaron, mahuman sulod lamang sa pipila ka minuto. Pananglitan ang pag-organisar sa datos, paghimo og report, pag-analisar sa informasyon og pagtabang sa pagsulat mahimong mapaspasan tinaagi sa AI. Kini makatabang sa mga empleado aron mas makahatag sila ug panahon sa uban pag-importante nga ang buluhaton. Sa educational daco-usa ang natabang sa artificial intelligence, ang mga estudyante makahimog research makapangutana bahin sa ilang leksyon og makadawat og dugang ka-sayuran pinag-i sa AI. Ang mga magtutudlo usab mahimong mugamit ni iniaron, makahimoog lesson plans, quizzes og educational materials, papan nagtuo ko nga ang AI diliangay mahimong kapole sa tinuod nga pagtuod. Iportante gihapon nga ang istadjante, masabot sa ilanggi eskalahan, pinahagi sa kaugalingong paningkamot og kritikal nga paghuna-huna. Sanatad sa medicina ang artificial intelligence adunaydapong potensyal, makatabang kiniya sa mga doktor sa pag-analisara sa mga resulta sa laboratorio, pagtan-ao sa medical images og paghatag og dugang nga informasyon mas dali makabot. Ang tokmang diagnosis dili kini nagpasabot nga mapalihan ang doktor. Kondili usakini kahiman nga makatabang aron, mahimoong mas efficiente og mas tokma ang pag-atiman sa pasyente. Sa negosyo, dag hangkompanya ang magamit sa AI Aron, mapauswag ang ilang servisyo, mahimong kinigamiton sa pagdumala sa inventory pad tag na sa panginahanglan sa mercado, pag atiman sa costumer. That's aron makahimol ug paayong decision ang paggamid sa AI, makatabang sa pagpalambo sa kalidad sa servisyo ug sa pag",0.739514348785872,148,17,170,288,0.41318977119784656,119,58,1051,2795
CEB_001,Cebuano,female,Philippines,Tagalog / Filipino,Philippines - Manila (Tagalog),Windows,Desktop,482,35-44,False,conversational,006_001,42,"Oo, mopalit ko online usahay tungod kay kini sayon, dali og makadaginot sa oras sa karon nga panahon. Daghan na kaayo ang mga tawo nga nagamit sa internet aron mamalit sa ilang mga kinahanglanon pinaagi lamang sa usa ka cellphone, tablet, o kompyuter nga adunay koneksyon sa internet. Mahimo na nga makapangita og makapalit og lain-laing mga produkto bisan wala na mo gawas sa balay. Kini nga paagi sa pamalit nahimong popular tungod kay mas kombenyente kini alang sa daghang tawo, labi sa-- na sa mga busy sa trabaho, pag-eskwela o pag-atiman sa pamilya. Sa akong kasinatian, ang online shopping usa ka dako nga tabang sa adlaw-adlaw nga kinabuhi. Imbis nga mobiyahe pa padulong sa mall o merkado, mahimo na lang ko magtan-aw sa mga online shopping application ug pagpili sa akong gusto. Daghan kaayo mapilian nga ang mga produkto sama sa sinina, sapatos, gamit sa balay, gadgets, libro, kosmetiko ug bisan pagkaon. Mas dali usab ang pagpangita sa eksaktong butang nga akong gini-- giikinahanglan tungod kay adunay search feature og mga kategorya nga makatabang sa pagpili. Usa sa bentahan sa online shopping mao ang kadaghan sa mapilian nga produkto. Usa lamang ka tindahan sa internet makakita ka og daghang klase sa parehas nga produkto gikan sa lain-laing mga brand ug nagkalain-laing presyo. Tungod niini, dali nga makakompara sa usa ka mamilitayug makapili sa pinakamaayo ug pinakabarato nga kapilian. Dili sama sa ordinaryong tindahan nga limitado lamang ang ilang stock, ang stock stores kasagaran adunay daghan pagpilian. Ganahan usab ko sa online shopping tungod kay kasagaran adunay nga diskwento ug espesyal nga promosyon. Adunay nga sale sama sa monthly sale, payday sale ug holiday sale. Diin dako ang motigom nga kwarta. Usahay adunay libre nga shipping voucher ug cashback nga makatabang aron mas maubos ang gasto. Kon maampingon ang usa ka mamil tay ug mobalo mopili sa hustong panahon sa pagpamalit, makadaginot siya og dako. Laing nindot nga bahin sa online shopping mao ang kahigayonan nga makabasa og reviews gikan sa ubang mga kapalit na ang ilang mga komento ug rating makatabang sa pagdesisyon kon maayo ba ang kalidad sa usa ka produkto. Kong daghan ang positibong review, mas mosalig ko sa akong paliton. Apan kon daghan ang reklamo bahin sa kalidad ug serbisyo, makita na lang ko og lain tindahan o produkto. Bisan pa sa daghang kaayohan sa online shopping, adunay usab kini ang disbentaha. Usahay ang produkto nga moabot dili parehas sa hulagway nga gipakita sa internet. Mahimong lahi ang kolor, sukod o kalidad. Mao nga importante nga basahon pag-ayo ang description sa produkto ug tan-awon ang mga litrato ug review sa ubang mamalitay aron malikayan ang kapakyasan. Adunay usab posibilidad nga madugay ang pag-abot sa order kon usahay adunay kusog nga ulan, bagyo o daghang order nga giproseso. Mahimong malangan ang delivery. Busan kong ang produkto kinahanglanon dayon, mas maayo usahay nga mopalit na lang sa pisikal nga tindahan"," O-o, mapalit ko online o sahay tungod kay kinesayon. Dali ug makada ginot sa ora sa karon nga panahon. Laghah na kaayo ang mga tawog nga nagamid sa internet. Aron mamalit sa ilang mga kinahanglanon. Pinaagi ilamang sa usa ka cellphone, tablet o computer nga. Adonay connection sa internet, mahimon nga mga kapangita og makapalit og la-inlaing mga produkto bisan. Wala na mugawa sa balay. Kini nga pag-i sa pamalit, mahimong popular, tungod kay mas kumbiente kini alang sa adlaw-adlaw nga online shopping application. O pagpili sa akong gusto, daghan kaayo, mapilian niya ang mga produkto sa masa sinina sa patos gamit sa balay, gadgets, libro, kosmetiko, ug bisan pagkaon. Mas dali usab ang pagpangita sa exaktong butang nga akong giniki-gi kinahanglan tungod kay adonay, search feature ug mga kategoria nga makatabang sa pagpili. Usa sa bintahan sa online shopping, mauang kadaghan sa mapilihan ng produkto. Usa lamang ka-tindahan sa internet maka-kita ka og daghan klase sa parehas nga produkto. Gikan sa laing-laing mga brand og nagkalaing-laing presyo, tungod ni ini dali nga maka-kumpara sa usaka, mamilitay og makapili sa pinaka maayo og pinaka barato nga kapiliyan. Dili sa masa-ordinaryong tindahan, nga limitado lang ang ilang stack, ang stack stores. Kasagaran adunay daghan pagpiliyan. Ganahan usab ko sa online shopping, tungod kay kasagaran adunay nga disquento og special nga promotion. Adunay nga sale sa masamanti sale, payday sale og holiday sale. Diinda ko ang muti go mga kwarta. Usahay adunay, libre nga shipping, voucher og cashback nga makatabang aron mas maubos ang gasto. Kog maampingon ang usaka mamalitay, ug mobalo mo pili sa ustong panahon sa pagpamalit, makadaginot siya ugdako, laing nindot nga bahin sa online shopping, mao ang kahigayonan nga makabasa og reviews, gikan sa ubang mga kapalit na ang ilang mga komento og waiting makatabang sa pag-decision. Kung maayo ba ang kalidad sa usaka produkto, kung daghan ang positive yung review, mas musalig ko sa akong paliton. Apan kundaghan ang reklamo, bahin sa kalidad og service shop, makita nalang ko oglain tindahan o produkto. Bisan pa sa daghan kaayuhan sa online shopping. Adunay usab kini ang disbentaha, usahay ang produkto nga moabot dili parehas sa hulagway nga gi pa kita sa internet. Mahimong lahe ang kolor, sukod o kalidad, maunga importante nga basahon, pag-ayo ang description sa produkto, ug tanawon ang mga letrato ug review sa ubang mamalitay aron malikayan ang kapakiyasan. Adonay usag posibilidad nga madugay ang pag-abot sa order. Kun usahay adonay kusug ngaulan bagyo o daghang order nga gi-proceso, mahimong malangan ang delivery. Busan kong ang produkto hinahanglanon dayon mas maayo usahay nga. Mupalit nalang asa physical nga tindahan.",0.46680497925311204,153,60,12,269,0.1616059379217274,110,296,73,2558
CEB_001,Cebuano,female,Philippines,Tagalog / Filipino,Philippines - Manila (Tagalog),Windows,Desktop,493,35-44,False,conversational,006_002,43,"Kasagaran momatako sa alas sais sa buntag. Alang kanako ang pagmata sayo usa ka maayong batasan nga makatabang sa pagplano sa adlaw ug sa pagkumpleto sa daghang buluhaton. Kon sayo ko makamata, adunay igong nga panahon aron maandam ang tanan nga akong kinahanglan buhaton sa dili pa magsugod ang trabaho, eskwela o uban pang mga responsibilidad. Ang pagmata sa hustong oras naghatag usab kanako og higayon nga magsugod sa adlaw nga kalmado ug organisado. Sa dihang motingog ang alarm sa buntag, paningkamotan nako nga mubangon dayon. Dili ko gusto nga magsige og pindot sa snooze button tungod kay usahay makadugang lamang kini sa pagbati sa kakapoy. Mas maayo, mas maayo nga mubangon dayon aron maanad ang lawas sa regular nga eskedul sa pagmata. Human sa pipila ka minuto, maanad ang akong lawas ug dili na kaayo lisod ang pagbangon. Ang unang akong buhaton kon makamata ko mao ang pagpasalamat sa bag-ong adlaw. Malipay ko nga adunay bag-ong higayon aron makahimo og maayo, makaton og bag-ong butang ug makig kita sa akong pamilya ug mga higala. Ang positibong pagsugod sa adlaw makatabang sa paghatag og maayong pagbati ug kusog sa tibuok adlaw. Human sa pagmata, akon ayohon ang akong higdaanan. Bisan yano lamang kini nga buluhaton, dako ang iyang epekto sa akong adlaw. Ang limpyo ug hapsay nga higdaanan makahatag og pagbati nga organisado ang akong palibot. Nakatabang usab kini aron mahimong mas disiplinado ko sa pagbuhat sa uban pag mga responsibilidad. Sunod, maghugas ko sa akong nawong ug maglimpyo sa akong mga ngipon. Kini makatabang aron mawala ang kahinga tulog ug mobati ko nga prisko. Usahay maligo usab ko sa buntag aron mas aktibo ang akong lawas ug andam sa pagsugod sa adlaw. Ang pag-atiman sa personal nga kahinlo importante kaayo alang sa maayong paglawas og maayong impresyon sa uban. Human sa akong personal nga pangandam, mokaon ko og pamahaw. Nagtoo ko nga ang pamahaw usa sa labing importante nga pagkaon sa adlaw tungod kay kini maoy naghatag og kusog alang sa akong mga buluhaton. Paningkamotan nako nga mokaon og balanse nga pagkaon sama sa tinapay, itlog, prutas, lugaw o uban pang masustansyang pagkaon. Usahay moinom usab ko og kape ug gatas depende sa akong gusto og paning panginahanglan. Kon nahuman na ang pamahaw, magsugod ko sa pag-andam sa akong mga kinahanglanon alang sa adlaw. Kon adunay trabaho, akon tan-awon ang akong mga dokumento ug siguruhon nga kumpleto ang tanan. Kon adunay mga buluhaton sa balay, akong himuon kini sa husto nga oras aron dili magdugan, dungan ang tanan nga trabaho. Ganahan ko nga mumata sayo tungod kay hilom pa ang palibot, ang priskong hangin sa buntag ug ang malinawon nga kahimtang makatabang sa paghunahuna og pagplano sa adlaw. Ang kahayag sa adlaw nga pagsugod pa lamang mosidlak makahatag usab og positibong pagbati og inspirasyon. Usa sa mga kaayohan sa sayong pagmata mao nga adunay igo sa panahon sa pagbuhat sa mga buluhaton nga dili kinahanglan magdali. Kon ulahi na ang pagmata, dali-"," Asagaran, mamata ko sa ala sa isa buntag. Alang kanako ang pagmata sayo usaka maayong matasan na makatabang sa pagprano sa adlaw ug sa pagkompleto sa daghang buluhaton. Kon sayo ko makamata adunay igong nga panahon aron, maandam ang tanan nga. Ako ang kinahanglan, bohaton sa dili pa, magsugod ang trabaho, iskwela o uban pang mga responsibilidad. Ang pagmata sa hostong oras, naghatag usab ka nako ug higayon nga magsugod sa adlaw nga kalmado ug organizado. Sa dihang motingog ang alarm sa buntag paningkamutan nako nga mobangon dayon dili ko gusto nga magsigi ug pindot sa snooze button tumud kay usahay makadugang lamang kini sa pagbati sa kakapoy. Mas maayo nga mob bangon, dayon aron, maanad ang lawas sa regular nga schedule sa pagmata. Human sa pipila ka minuto, maanad ang akong lawas. Ugdili nga kaayo, lisod ang pagbangon. Ang unang akong buhaton, kung makamata ko mao ang pagpasalamat sa bagong adlaw, malipay ko nga adon na ay bagong higayon. Aron makahimo ug maayo, makaton ug bagong butang, ug makikita sa akong pamilya ug mga higala. Ang positibong pagsugod sa adlaw, makatabang sa paghatag og maayong pagbako ang iyang epekto sa akong adlaw ang limpyo ug hapsay nga igdaanan makahatag ug pagbati nga organizado ang akong palibot. Nakatabang usab kiniaron, mahimong mas, disiplanado ko sa pagbuhat sa uban pag mga responsibilidad. Sunod,hugas ko sa akong nawong ug. Maglimpiyo sa akong mga ngipon kini makatabang aron mawala ang kahingatulog ug mubati ko nga prisco. Usahay magigu-usab ko sa buntag aron mas aktibo ang akong lawas ug andam sa pagsugod sa adlaw. Ang pag-atiman sa personal nga kahinlo, importante kaayo alang sa maayong paglawas ug maayong impresyon sa uban. Human sa akong personal nga pangandam, mukhaon ko ug pamahaw, nagtuo ko nga ang pamahaw usa sa labing importante nga pagkawon sa adlaw, tungad kay kinimawoy, naghatag ug kusog, alang sa akong mga buluhatun. Paningkamotan naku nga mukhaon ug balan si nga pagkhaon sama sa tinapay, itlog, frutas, logaw, uuban pang masustan siyang pagkhaon, pusahay, muwinom, usab ko ug kape, ug gatas, depende sa akong mga kinahanglanon alang sa adlaw. Kon adonay trabaho akon tanawon ang akong mga dokumento ug sigurohon nga kompleto ang tanan. adunay mga buluhaton sa balay. Akoong himoon kini sa hustong nga oras aron dili magdungan ang tanan nga trabaho. Ganahan ko nga momata sa'yo tungod kay hilom pa ang palibot ang preskong hangin sa buntag ug ang malinawon nga kahimtang makatabang sa paghunahuna ug pagblano sa adlaw. Ang kahayag sa adlaw nga pagsugod pa lamang musidlak makahatag usab ug positibong pagbati ug inspirasyon, usas sa mga kaayuhan sa sayong pagmata, maonga adonay igusa, panahon sa pagbuhat sa mga puluhaton nga dili kinahanglan magdali, kon ulahi na ang pagmata, dali at",0.3813387423935091,131,49,8,313,0.13819771351714863,86,266,59,2622
